{"train_loss": [30.32163918018341, 28.125050604343414, 16.81372182071209, 8.155767500400543, 5.411160498857498, 4.965888142585754, 3.7519403360784054, 4.273686151951551, 3.0601442344486713, 2.559246515855193, 2.646629225462675, 2.49436866492033, 2.4123297864571214, 2.2614420084282756, 2.151361821219325, 1.9948230679146945, 2.0174247277900577, 2.025428573600948, 2.1103371270000935, 1.704825296299532, 2.0254956698045135, 1.8037234200164676, 1.7563881557434797, 1.8439925643615425, 2.328139599878341], "train_acc": [0.5958188153310104, 0.5958188153310104, 0.8724738675958188, 0.9456445993031359, 0.9634146341463414, 0.9623693379790941, 0.975609756097561, 0.9710801393728223, 0.9815331010452961, 0.9829268292682927, 0.9846689895470383, 0.9832752613240419, 0.9857142857142858, 0.9871080139372822, 0.9850174216027875, 0.9860627177700348, 0.9871080139372822, 0.9895470383275261, 0.9878048780487805, 0.9898954703832753, 0.9874564459930314, 0.9898954703832753, 0.9895470383275261, 0.9898954703832753, 0.9860627177700348], "val_acc": [0.5703703703703704, 0.5703703703703704, 0.8691358024691358, 0.8773662551440329, 0.8469135802469135, 0.8510288065843621, 0.8864197530864197, 0.8460905349794239, 0.8567901234567902, 0.8460905349794239, 0.8452674897119341, 0.8641975308641975, 0.8436213991769548, 0.8576131687242798, 0.9111111111111111, 0.9160493827160494, 0.8650205761316873, 0.9094650205761317, 0.8641975308641975, 0.8518518518518519, 0.8600823045267489, 0.8674897119341564, 0.8683127572016461, 0.8460905349794239, 0.8921810699588477]}